City_ID,City,Country,Date,Lat,Lng,Max Temp,Humidity,Cloudiness,Wind Speed
0,Bredasdorp,ZA,2020-07-20 04:37:01,-34.53,20.04,53.6,93,29,1.12
1,Upernavik,GL,2020-07-20 04:37:22,72.79,-56.15,48.52,57,19,5.57
2,Codrington,AU,2020-07-20 04:38:07,-38.27,141.97,52.61,73,80,12.24
3,Arraial Do Cabo,BR,2020-07-20 04:37:01,-22.97,-42.03,70.34,85,0,21.77
4,Richards Bay,ZA,2020-07-20 04:36:10,-28.78,32.04,55.67,75,0,7.18
5,Cherskiy,RU,2020-07-20 04:37:02,68.75,161.3,74.95,35,0,1.07
6,Itarema,BR,2020-07-20 04:36:20,-2.92,-39.92,74.3,87,20,9.98
7,Beringovskiy,RU,2020-07-20 04:37:55,63.05,179.32,45.41,72,64,10.38
8,Trelew,AR,2020-07-20 04:38:46,-43.25,-65.31,44.74,83,100,10.63
9,Rocha,UY,2020-07-20 04:40:37,-34.48,-54.33,64.87,91,100,5.41
10,Bathsheba,BB,2020-07-20 04:37:15,13.22,-59.52,80.6,78,40,14.99
11,Kovur,IN,2020-07-20 04:39:06,14.48,79.98,94.08,47,100,8.3
12,Khatanga,RU,2020-07-20 04:36:05,71.97,102.5,52.5,73,100,5.57
13,Leningradskiy,RU,2020-07-20 04:37:53,69.38,178.42,43.39,70,1,9.33
14,Rikitea,PF,2020-07-20 04:36:54,-23.12,-134.97,68.86,58,2,11.3
15,Esperance,AU,2020-07-20 04:37:12,-33.87,121.9,57.2,62,40,8.05
16,Longyearbyen,SJ,2020-07-20 04:37:44,78.22,15.64,44.6,87,75,9.17
17,Albany,US,2020-07-20 04:33:46,42.6,-73.97,81.0,88,97,4.36
18,Matara,LK,2020-07-20 04:37:43,5.95,80.54,83.97,76,99,7.52
19,Petatlan,MX,2020-07-20 04:36:53,17.52,-101.27,77.63,86,9,2.01
20,Savannah Bight,HN,2020-07-20 04:40:39,16.45,-85.85,83.64,78,0,14.7
21,Camaqua,BR,2020-07-20 04:40:39,-30.85,-51.81,65.55,83,45,3.18
22,East London,ZA,2020-07-20 04:36:17,-33.02,27.91,48.2,70,0,5.82
23,Ushuaia,AR,2020-07-20 04:36:53,-54.8,-68.3,24.8,100,0,3.8
24,Eenhana,NA,2020-07-20 04:40:39,-17.47,16.33,50.0,56,0,5.82
25,Hithadhoo,MV,2020-07-20 04:36:56,-0.6,73.08,83.26,77,100,13.67
26,Meulaboh,ID,2020-07-20 04:37:41,4.14,96.13,87.22,63,33,4.09
27,Tuktoyaktuk,CA,2020-07-20 04:37:18,69.45,-133.04,48.2,70,75,2.24
28,Norman Wells,CA,2020-07-20 04:37:08,65.28,-126.83,59.0,87,40,6.93
29,Hilo,US,2020-07-20 04:36:56,19.73,-155.09,78.8,74,90,9.17
30,Colac,AU,2020-07-20 04:40:40,-38.33,143.58,50.0,99,86,9.28
31,Mar Del Plata,AR,2020-07-20 04:37:10,-38.0,-57.56,52.0,100,90,12.75
32,Lagoa,PT,2020-07-20 04:37:47,39.05,-27.98,68.18,78,47,7.67
33,Hobart,AU,2020-07-20 04:33:27,-42.88,147.33,51.01,63,75,16.11
34,Mataura,NZ,2020-07-20 04:33:46,-46.19,168.86,39.0,83,100,3.0
35,Samarai,PG,2020-07-20 04:40:41,-10.62,150.67,76.96,84,92,16.33
36,Inhambane,MZ,2020-07-20 04:40:41,-23.86,35.38,67.6,73,65,9.06
37,Teknaf,BD,2020-07-20 04:40:41,20.86,92.31,83.91,78,100,10.16
38,Ribeira Grande,PT,2020-07-20 04:36:55,38.52,-28.7,68.58,77,38,1.57
39,Puerto Ayora,EC,2020-07-20 04:37:07,-0.74,-90.35,69.01,92,77,5.99
40,Bluff,NZ,2020-07-20 04:37:12,-46.6,168.33,39.0,83,99,3.0
41,Banjar,ID,2020-07-20 04:40:41,-8.19,114.97,84.2,83,20,16.11
42,Northam,GB,2020-07-20 04:40:42,51.03,-4.22,46.99,93,0,1.99
43,Saint-Philippe,RE,2020-07-20 04:37:36,-21.36,55.77,69.8,88,75,13.87
44,Balkanabat,TM,2020-07-20 04:40:42,39.51,54.37,99.46,16,0,5.99
45,Gweta,BW,2020-07-20 04:40:42,-20.18,25.23,46.99,55,0,7.85
46,Mezen,RU,2020-07-20 04:40:42,65.85,44.24,68.22,49,0,4.45
47,Bethel,US,2020-07-20 04:34:02,41.37,-73.41,77.0,83,75,5.12
48,Haines Junction,CA,2020-07-20 04:40:43,60.75,-137.51,54.36,71,100,5.97
49,Punta Arenas,CL,2020-07-20 04:33:40,-53.15,-70.92,32.0,94,98,6.93
50,Butaritari,KI,2020-07-20 04:36:51,3.07,172.79,82.8,79,0,16.11
51,Aksakovo,BG,2020-07-20 04:40:03,43.25,27.82,69.01,88,40,16.11
52,Busselton,AU,2020-07-20 04:33:41,-33.65,115.33,63.0,45,1,10.07
53,Takoradi,GH,2020-07-20 04:39:08,4.88,-1.76,74.12,93,100,5.55
54,Mahebourg,MU,2020-07-20 04:37:17,-20.41,57.7,69.8,60,75,18.34
55,Ahipara,NZ,2020-07-20 04:37:27,-35.17,173.17,60.06,88,88,2.26
56,Mareeba,AU,2020-07-20 04:36:04,-17.0,145.43,77.0,61,51,7.0
57,Constitucion,CL,2020-07-20 04:37:24,-35.33,-72.42,51.84,87,16,7.49
58,Vardo,NO,2020-07-20 04:36:53,70.37,31.11,59.0,100,40,9.17
59,Atuona,PF,2020-07-20 04:36:50,-9.8,-139.03,79.79,75,38,15.66
60,Vestmannaeyjar,IS,2020-07-20 04:37:28,63.44,-20.27,48.96,78,29,1.21
61,Cape Town,ZA,2020-07-20 04:36:54,-33.93,18.42,55.0,100,0,1.12
62,Faanui,PF,2020-07-20 04:37:46,-16.48,-151.75,77.07,84,67,22.88
63,Vaini,TO,2020-07-20 04:37:07,-21.2,-175.2,69.8,100,90,9.17
64,Yeniseysk,RU,2020-07-20 04:40:45,58.45,92.17,61.68,85,89,9.8
65,Hermanus,ZA,2020-07-20 04:36:51,-34.42,19.23,55.99,88,25,4.0
66,Kalashnikovo,RU,2020-07-20 04:40:46,57.28,35.23,64.06,74,77,2.06
67,Jamestown,US,2020-07-20 04:36:54,42.1,-79.24,71.01,94,90,3.36
68,Yellowknife,CA,2020-07-20 04:35:48,62.46,-114.35,66.0,82,75,2.24
69,Cabo San Lucas,MX,2020-07-20 04:37:17,22.89,-109.91,89.6,35,20,4.7
70,Fortuna,US,2020-07-20 04:37:01,40.6,-124.16,55.99,100,90,4.7
71,Ostrovnoy,RU,2020-07-20 04:37:31,68.05,39.51,67.86,58,8,12.84
72,Marystown,CA,2020-07-20 04:40:47,47.17,-55.15,57.36,92,0,11.99
73,Berlevag,NO,2020-07-20 04:37:13,70.86,29.09,51.1,90,99,5.32
74,Gimli,CA,2020-07-20 04:40:47,50.63,-96.99,60.01,99,63,5.59
75,Avarua,CK,2020-07-20 04:36:57,-21.21,-159.78,73.4,83,73,17.22
76,Bambanglipuro,ID,2020-07-20 04:40:47,-7.95,110.28,83.05,70,58,15.14
77,Puerto Leguizamo,CO,2020-07-20 04:40:48,-0.19,-74.78,71.6,96,99,0.94
78,Shelburne,CA,2020-07-20 04:36:09,44.08,-80.2,73.4,83,1,6.93
79,Tahoua,NE,2020-07-20 04:40:48,14.89,5.27,83.25,54,69,10.54
80,Provideniya,RU,2020-07-20 04:37:05,64.38,-173.3,50.0,81,90,13.42
81,Trinidad,BO,2020-07-20 04:40:48,-14.83,-64.9,74.73,63,26,2.01
82,Port Alfred,ZA,2020-07-20 04:33:37,-33.59,26.89,62.91,29,0,7.9
83,Aksehir,TR,2020-07-20 04:40:48,38.36,31.42,76.62,52,0,3.49
84,Hlatikulu,SZ,2020-07-20 04:40:48,-26.97,31.32,40.42,62,0,3.8
85,Narsaq,GL,2020-07-20 04:37:08,60.92,-46.05,50.0,61,56,4.7
86,San Ramon De La Nueva Oran,AR,2020-07-20 04:39:27,-23.13,-64.33,68.0,86,0,1.61
87,Arlit,NE,2020-07-20 04:40:49,18.74,7.39,84.52,44,16,3.78
88,Nicolas Ruiz,MX,2020-07-20 04:40:49,16.4,-92.53,78.8,74,75,5.82
89,Ancud,CL,2020-07-20 04:37:15,-41.87,-73.82,48.0,100,90,3.36
90,Carnarvon,AU,2020-07-20 04:37:37,-24.87,113.63,73.4,33,0,11.41
91,Chokurdakh,RU,2020-07-20 04:37:12,70.63,147.92,78.37,36,100,15.01
92,The Valley,AI,2020-07-20 04:38:44,18.22,-63.06,80.6,83,20,12.75
93,Sistranda,NO,2020-07-20 04:36:17,63.73,8.83,53.6,87,75,6.93
94,Ron Phibun,TH,2020-07-20 04:40:50,8.18,99.85,92.19,57,100,1.5
95,Hofn,IS,2020-07-20 04:37:01,64.25,-15.21,52.03,71,98,2.64
96,Airai,TL,2020-07-20 04:36:52,-8.93,125.41,74.41,44,47,2.77
97,Barrow,US,2020-07-20 04:37:04,71.29,-156.79,37.4,89,90,13.87
98,Eidfjord,NO,2020-07-20 04:40:51,60.47,7.07,41.0,81,86,3.0
99,Ketchikan,US,2020-07-20 04:38:07,55.34,-131.65,59.0,87,90,8.05
100,Labuhan,ID,2020-07-20 04:37:46,-6.88,112.21,86.16,62,5,6.24
101,Henties Bay,NA,2020-07-20 04:38:11,-22.12,14.28,71.01,22,0,21.27
102,Kavieng,PG,2020-07-20 04:37:10,-2.57,150.8,85.46,67,2,8.63
103,Zyryanka,RU,2020-07-20 04:38:15,65.75,150.85,80.06,35,21,15.61
104,Ambon,ID,2020-07-20 04:40:51,-3.7,128.18,84.99,11,9,1.99
105,Zhigalovo,RU,2020-07-20 04:40:51,54.81,105.16,68.95,34,30,3.71
106,Ilulissat,GL,2020-07-20 04:37:53,69.22,-51.1,46.4,70,46,2.24
107,Pravokumskoye,RU,2020-07-20 04:40:52,44.77,44.65,84.54,47,0,7.02
108,Bollnas,SE,2020-07-20 04:40:52,61.35,16.39,62.76,88,98,0.63
109,Bellavista,PE,2020-07-20 04:40:52,-7.06,-76.59,69.73,92,15,1.1
110,Adre,TD,2020-07-20 04:40:52,13.47,22.2,72.21,84,100,12.37
111,Kastamonu,TR,2020-07-20 04:40:52,41.5,33.67,72.28,63,0,1.07
112,Buala,SB,2020-07-20 04:40:52,-8.14,159.59,83.5,71,38,4.07
113,Georgetown,MY,2020-07-20 04:32:13,5.41,100.34,87.8,70,20,3.36
114,Broome,US,2020-07-20 04:37:25,42.25,-75.83,72.0,88,90,6.93
115,Lebu,CL,2020-07-20 04:36:55,-37.62,-73.65,50.49,87,8,11.5
116,Yar-Sale,RU,2020-07-20 04:33:05,66.83,70.83,65.17,47,0,9.62
117,Bangui,CF,2020-07-20 04:40:53,4.36,18.55,69.82,94,100,0.98
118,Mehriz,IR,2020-07-20 04:40:54,31.59,54.43,86.0,16,20,9.17
119,Carutapera,BR,2020-07-20 04:36:59,-1.2,-46.02,73.24,92,12,4.05
120,Sur,OM,2020-07-20 04:38:22,22.57,59.53,89.38,64,84,3.85
121,Laguna,US,2020-07-20 04:37:59,38.42,-121.42,73.4,53,1,9.17
122,Tasiilaq,GL,2020-07-20 04:36:12,65.61,-37.64,42.8,100,63,8.05
123,Koslan,RU,2020-07-20 04:40:54,63.46,48.9,63.23,57,0,7.85
124,Bengkulu,ID,2020-07-20 04:36:50,-3.8,102.27,86.02,66,1,9.69
125,Maua,BR,2020-07-20 04:40:55,-23.67,-46.46,62.01,77,0,2.24
126,New Norfolk,AU,2020-07-20 04:37:48,-42.78,147.06,51.01,75,63,4.0
127,Gornyy,RU,2020-07-20 04:40:55,55.12,83.91,75.13,81,37,6.11
128,Centerville,US,2020-07-20 04:36:48,39.63,-84.16,73.99,94,81,1.01
129,Jalu,LY,2020-07-20 04:36:29,29.03,21.55,74.23,58,0,11.07
130,Whitefish,US,2020-07-20 04:39:29,48.41,-114.34,69.01,63,75,2.84
131,Darnah,LY,2020-07-20 04:37:53,32.77,22.64,76.01,72,0,18.57
132,Kota Bahru,MY,2020-07-20 04:40:55,6.13,102.24,89.6,70,40,6.93
133,Bontang,ID,2020-07-20 04:36:05,0.13,117.5,84.74,70,33,5.1
134,Leninskoye,RU,2020-07-20 04:40:56,47.94,132.62,62.38,97,100,5.97
135,Flin Flon,CA,2020-07-20 04:39:10,54.77,-101.86,58.23,66,74,3.22
136,Leshukonskoye,RU,2020-07-20 04:40:56,64.9,45.76,68.22,50,0,3.56
137,Martina Franca,IT,2020-07-20 04:40:56,40.7,17.33,68.0,87,5,2.24
138,Sawakin,SD,2020-07-20 04:40:56,19.11,37.33,91.38,46,69,13.65
139,Bulgan,MN,2020-07-20 04:40:56,48.81,103.53,66.0,65,2,5.12
140,Qaanaaq,GL,2020-07-20 04:37:10,77.48,-69.36,44.26,77,99,0.56
141,Nanortalik,GL,2020-07-20 04:37:13,60.14,-45.24,45.97,76,20,2.42
142,Vaitape,PF,2020-07-20 04:36:22,-16.52,-151.75,77.92,82,69,23.13
143,San Rafael,AR,2020-07-20 04:39:33,-34.62,-68.33,50.88,68,69,10.22
144,Vila Velha,BR,2020-07-20 04:40:57,-20.33,-40.29,68.0,94,75,3.36
145,Tabas,IR,2020-07-20 04:40:57,33.6,56.92,98.6,11,0,2.24
146,Castro,BR,2020-07-20 04:37:24,-24.79,-50.01,53.71,91,0,3.78
147,Kapaa,US,2020-07-20 04:36:05,22.08,-159.32,80.6,78,90,18.34
148,Dikson,RU,2020-07-20 04:37:05,73.51,80.55,40.75,97,76,10.29
149,Murgab,TM,2020-07-20 04:40:58,37.5,61.97,91.4,29,0,9.17
150,Flinders,AU,2020-07-20 04:38:09,-34.58,150.86,64.0,38,0,11.99
151,Nikolskoye,RU,2020-07-20 04:36:54,59.7,30.79,70.0,82,84,2.24
152,Bambous Virieux,MU,2020-07-20 04:37:00,-20.34,57.76,71.01,60,75,18.34
153,Sao Filipe,CV,2020-07-20 04:38:03,14.9,-24.5,76.21,87,86,9.46
154,Necochea,AR,2020-07-20 04:40:59,-38.55,-58.74,52.0,97,95,8.01
155,Sicuani,PE,2020-07-20 04:40:59,-14.27,-71.23,45.82,55,99,1.95
156,Ntungamo,UG,2020-07-20 04:40:59,-0.88,29.65,64.74,58,62,2.57
157,Xining,CN,2020-07-20 04:38:15,36.62,101.77,72.03,34,100,2.98
158,Neryungri,RU,2020-07-20 04:40:59,56.67,124.65,61.29,88,100,7.27
159,Bereda,ES,2020-07-20 04:40:59,43.27,-7.54,62.01,94,77,11.99
160,Nanakuli,US,2020-07-20 04:36:21,21.39,-158.15,82.4,61,1,11.41
161,Thompson,CA,2020-07-20 04:37:17,55.74,-97.86,60.8,77,75,3.36
162,La Vega,DO,2020-07-20 04:41:00,19.22,-70.53,77.0,94,40,6.93
163,Dinar,TR,2020-07-20 04:41:00,38.06,30.17,73.4,60,0,3.36
164,Sabha,LY,2020-07-20 04:41:00,27.04,14.43,77.94,51,0,16.8
165,Adrar,MR,2020-07-20 04:38:04,20.5,-10.07,88.52,30,14,9.04
166,Gazimurskiy Zavod,RU,2020-07-20 04:41:00,51.55,118.33,65.32,49,49,9.19
167,Troitskoye,RU,2020-07-20 04:36:24,52.98,84.68,77.79,51,73,5.88
168,Kodiak,US,2020-07-20 04:34:57,57.79,-152.41,59.0,77,90,9.17
169,Jablah,SY,2020-07-20 04:41:01,35.36,35.93,73.4,64,0,3.36
170,Nagato,JP,2020-07-20 04:38:10,34.38,131.2,86.0,88,75,2.24
171,Pevek,RU,2020-07-20 04:38:01,69.7,170.31,50.31,52,0,6.15
172,Mana,GF,2020-07-20 04:41:02,5.66,-53.78,76.96,85,100,7.16
173,Zinder,NE,2020-07-20 04:41:02,13.81,8.99,80.6,69,0,13.87
174,Arklow,IE,2020-07-20 04:41:02,52.79,-6.14,44.01,93,1,5.55
175,San Juan,AR,2020-07-20 04:39:46,-31.54,-68.54,52.05,65,0,12.24
176,Talnakh,RU,2020-07-20 04:36:24,69.49,88.4,57.2,54,64,13.42
177,Rio Gallegos,AR,2020-07-20 04:41:04,-51.62,-69.22,35.24,87,63,8.37
178,Svetlyy,RU,2020-07-20 04:41:04,54.67,20.13,62.6,82,4,4.47
179,Marsa Matruh,EG,2020-07-20 04:41:04,31.35,27.25,69.8,88,0,7.87
180,Santa Maria,BR,2020-07-20 04:41:04,-29.68,-53.81,68.09,75,13,7.29
181,Bang Saphan,TH,2020-07-20 04:41:04,11.21,99.51,93.29,52,96,1.59
182,Comodoro Rivadavia,AR,2020-07-20 04:38:15,-45.87,-67.5,42.8,87,90,10.29
183,Tabuk,PH,2020-07-20 04:37:58,17.42,121.44,89.69,55,0,5.5
184,Hong Gai,VN,2020-07-20 04:41:05,20.96,107.09,89.6,75,75,16.11
185,Oistins,BB,2020-07-20 04:41:05,13.07,-59.53,80.6,78,40,14.99
186,Maceio,BR,2020-07-20 04:41:05,-9.67,-35.74,71.6,100,75,5.82
187,Mahibadhoo,MV,2020-07-20 04:37:20,3.78,72.97,83.53,75,99,22.68
188,Hasaki,JP,2020-07-20 04:36:50,35.73,140.83,88.0,78,75,4.7
189,Makakilo City,US,2020-07-20 04:37:41,21.35,-158.09,82.4,61,1,11.41
190,Korla,CN,2020-07-20 04:36:56,41.76,86.15,70.0,96,100,10.33
191,Tiksi,RU,2020-07-20 04:37:00,71.69,128.87,55.06,72,65,8.57
192,Jackson,US,2020-07-20 04:41:06,42.42,-122.83,84.2,28,1,3.36
193,Kattivakkam,IN,2020-07-20 04:41:06,13.22,80.32,86.0,79,40,5.82
194,Dingle,PH,2020-07-20 04:36:27,11.0,122.67,87.64,66,95,6.02
195,Mehamn,NO,2020-07-20 04:37:46,71.04,27.85,50.32,90,100,6.6
196,Ornskoldsvik,SE,2020-07-20 04:39:58,63.29,18.72,57.2,100,100,2.24
197,Porto Novo,BJ,2020-07-20 04:41:06,6.5,2.6,75.2,94,40,3.36
198,Okhotsk,RU,2020-07-20 04:38:23,59.38,143.3,59.36,83,56,8.7
199,Nelson Bay,AU,2020-07-20 04:37:06,-32.72,152.15,64.99,23,0,11.41
200,Saint George,US,2020-07-20 04:40:40,37.1,-113.58,96.8,11,1,4.7
201,Grindavik,IS,2020-07-20 04:37:48,63.84,-22.43,44.6,93,75,3.36
202,Thinadhoo,MV,2020-07-20 04:41:07,0.53,72.93,83.86,76,100,14.63
203,Yakima,US,2020-07-20 04:41:07,46.47,-120.67,84.2,35,1,6.93
204,Niquelandia,BR,2020-07-20 04:39:12,-14.47,-48.46,62.87,67,22,3.83
205,Saskylakh,RU,2020-07-20 04:37:13,71.92,114.08,63.46,45,69,10.71
206,Hami,CN,2020-07-20 04:39:04,42.8,93.45,98.51,11,34,6.58
207,Chardara,KZ,2020-07-20 04:41:07,41.25,67.97,91.89,23,10,1.92
208,Sinnamary,GF,2020-07-20 04:36:51,5.38,-52.95,77.34,84,94,6.53
209,Qazanbulaq,AZ,2020-07-20 04:41:08,40.62,46.65,82.4,61,20,3.44
210,Geraldton,AU,2020-07-20 04:38:08,-28.77,114.6,64.4,52,0,17.22
211,Dalvik,IS,2020-07-20 04:41:08,65.97,-18.53,44.6,93,90,1.77
212,Puerto Carreno,CO,2020-07-20 04:36:48,6.19,-67.49,76.5,88,100,0.67
213,Puerto Madero,MX,2020-07-20 04:41:08,14.72,-92.42,82.47,77,65,3.24
214,Colares,PT,2020-07-20 04:41:09,38.8,-9.45,66.0,92,92,5.01
215,Cidreira,BR,2020-07-20 04:37:11,-30.18,-50.21,65.7,78,78,4.61
216,Warmbad,NA,2020-07-20 04:41:09,-28.45,18.73,56.64,32,0,13.35
217,Naze,JP,2020-07-20 04:41:09,28.37,129.48,87.8,74,75,12.75
218,Hamilton,US,2020-07-20 04:37:03,39.18,-84.53,75.99,88,1,9.17
219,Vao,NC,2020-07-20 04:41:09,-22.67,167.48,69.26,72,2,16.33
220,Bagotville,AU,2020-07-20 04:41:10,-28.98,153.42,73.4,49,0,13.87
221,Ponta Delgada,PT,2020-07-20 04:41:10,37.73,-25.67,68.0,68,40,8.05
222,Lensk,RU,2020-07-20 04:41:10,60.73,114.93,55.49,90,100,6.4
223,Alofi,NU,2020-07-20 04:36:10,-19.06,-169.92,78.8,83,52,6.93
224,Victoria,HK,2020-07-20 04:33:48,22.29,114.16,91.0,63,100,11.01
225,Channel-Port Aux Basques,CA,2020-07-20 04:41:11,47.57,-59.14,61.36,84,65,6.13
226,Guerrero Negro,MX,2020-07-20 04:36:54,27.98,-114.06,68.72,82,40,9.73
227,San Quintin,MX,2020-07-20 04:37:40,30.48,-115.95,70.95,68,0,15.82
228,Santo Antonio Do Monte,BR,2020-07-20 04:41:11,-20.09,-45.29,54.41,90,0,5.99
229,Matay,EG,2020-07-20 04:41:11,28.42,30.78,76.17,65,1,15.95
230,Nazarovo,RU,2020-07-20 04:41:11,56.01,90.39,72.3,58,32,5.55
231,San Fernando,PH,2020-07-20 04:41:11,15.03,120.69,93.99,61,100,3.0
232,Bantou,CN,2020-07-20 04:41:11,26.22,117.49,96.66,44,100,4.7
233,Nouadhibou,MR,2020-07-20 04:36:58,20.93,-17.03,71.6,83,54,13.87
234,Vanavara,RU,2020-07-20 04:41:12,60.34,102.28,63.1,56,38,2.75
235,Mnogovershinnyy,RU,2020-07-20 04:41:12,53.94,139.92,66.65,73,76,7.29
236,Araouane,ML,2020-07-20 04:41:12,18.9,-3.53,91.45,36,50,10.29
237,Puri,IN,2020-07-20 04:41:12,19.8,85.85,87.8,79,75,18.34
238,Clyde River,CA,2020-07-20 04:38:29,70.47,-68.59,41.0,93,40,4.7
239,Dudinka,RU,2020-07-20 04:38:25,69.41,86.18,57.2,54,95,13.42
240,Duma,CN,2020-07-20 04:41:13,34.77,108.14,84.2,62,30,8.95
241,Luderitz,NA,2020-07-20 04:38:06,-26.65,15.16,60.8,26,0,2.24
242,Constanta,RO,2020-07-20 04:41:13,44.18,28.65,68.0,88,40,6.93
243,Carauari,BR,2020-07-20 04:41:13,-4.88,-66.9,72.5,95,2,0.69
244,Moron,AR,2020-07-20 04:41:14,-34.65,-58.62,60.01,100,100,1.12
245,Isangel,VU,2020-07-20 04:38:31,-19.55,169.27,78.8,61,40,9.17
246,La Asuncion,VE,2020-07-20 04:37:35,11.03,-63.86,80.6,94,13,11.41
247,Suntar,RU,2020-07-20 04:41:14,62.14,117.63,61.32,88,98,7.65
248,Zhuzhou,CN,2020-07-20 04:41:14,27.83,113.15,77.0,94,90,4.47
249,Livani,LV,2020-07-20 04:41:14,56.35,26.18,63.45,88,84,1.05
250,Gaogou,CN,2020-07-20 04:41:14,34.02,119.19,81.5,68,63,5.77
251,Hokitika,NZ,2020-07-20 04:41:14,-42.72,170.97,54.32,83,100,10.65
252,West Bay,KY,2020-07-20 04:41:15,19.37,-81.42,84.0,83,98,8.01
253,Portland,US,2020-07-20 04:33:36,45.52,-122.68,80.6,54,20,6.93
254,Kahului,US,2020-07-20 04:32:36,20.89,-156.47,84.2,58,40,20.8
255,Husavik,IS,2020-07-20 04:37:59,66.04,-17.34,44.6,93,90,7.76
256,Chuy,UY,2020-07-20 04:37:19,-33.7,-53.46,66.16,86,97,7.45
257,San Patricio,MX,2020-07-20 04:37:18,19.22,-104.7,79.47,86,90,6.93
258,Vanderhoof,CA,2020-07-20 04:41:15,54.02,-124.02,60.26,65,64,2.95
259,Caravelas,BR,2020-07-20 04:36:54,-17.71,-39.25,70.48,91,100,5.7
260,Shenjiamen,CN,2020-07-20 04:41:16,29.96,122.3,78.13,89,100,7.16
261,Port-Gentil,GA,2020-07-20 04:36:50,-0.72,8.78,74.16,82,100,11.88
262,Pryyutivka,UA,2020-07-20 04:41:16,48.72,33.07,69.42,69,0,6.35
263,Malartic,CA,2020-07-20 04:40:17,48.13,-78.13,69.8,73,1,12.75
264,Port Hedland,AU,2020-07-20 04:37:22,-20.32,118.57,78.8,31,52,12.75
265,Vila Do Maio,CV,2020-07-20 04:41:16,15.13,-23.22,78.8,78,75,8.05
266,Torbay,CA,2020-07-20 04:35:15,47.67,-52.73,61.0,93,20,13.87
267,Bardiyah,LY,2020-07-20 04:41:17,31.76,25.09,74.05,83,0,10.51
268,Kidal,ML,2020-07-20 04:41:17,18.44,1.41,86.25,43,57,6.85
269,Greenville,US,2020-07-20 04:39:01,35.61,-77.37,82.99,83,1,8.05
270,Parkersburg,US,2020-07-20 04:41:06,39.27,-81.56,73.99,94,1,7.63
271,Valparaiso,CL,2020-07-20 04:34:57,-33.04,-71.63,53.6,93,40,3.36
272,Otane,NZ,2020-07-20 04:41:17,-39.88,176.63,54.0,91,98,5.99
273,Goderich,CA,2020-07-20 04:37:52,43.75,-81.72,73.99,71,9,1.01
274,La Union,PE,2020-07-20 04:41:18,-5.4,-80.75,63.55,78,5,7.61
275,Sioux Lookout,CA,2020-07-20 04:38:06,50.1,-91.92,55.4,82,90,4.7
276,Lae,PG,2020-07-20 04:41:18,-6.72,146.98,82.13,68,15,7.96
277,Klaksvik,FO,2020-07-20 04:37:25,62.23,-6.59,50.0,87,72,17.22
278,Dire,ML,2020-07-20 04:41:18,12.28,-10.97,72.18,93,96,1.72
279,Souillac,MU,2020-07-20 04:37:32,-20.52,57.52,69.8,60,75,18.34
280,Mozarlandia,BR,2020-07-20 04:41:18,-14.74,-50.57,68.99,49,0,7.63
281,Kutahya,TR,2020-07-20 04:41:19,39.42,29.98,66.2,82,0,11.41
282,Palm Coast,US,2020-07-20 04:37:59,29.59,-81.21,84.0,83,40,6.42
283,Havoysund,NO,2020-07-20 04:41:19,71.0,24.66,51.8,87,75,5.82
284,Talara,PE,2020-07-20 04:39:53,-4.58,-81.27,62.85,83,5,13.82
285,Kolomyya,UA,2020-07-20 04:41:19,48.53,25.04,61.54,83,100,0.94
286,Santiago,CL,2020-07-20 04:35:02,-33.46,-70.65,51.8,81,85,4.7
287,Santo Estevao,BR,2020-07-20 04:41:19,-12.43,-39.25,62.94,99,22,3.22
288,Tilichiki,RU,2020-07-20 04:41:19,60.47,166.1,53.91,84,100,2.17
289,Paamiut,GL,2020-07-20 04:38:30,61.99,-49.67,47.39,74,74,6.89
290,Aswan,EG,2020-07-20 04:39:01,24.09,32.91,90.21,19,31,11.79
291,San Pedro,PH,2020-07-20 04:41:20,14.35,121.02,93.99,60,99,8.01
292,Los Llanos De Aridane,ES,2020-07-20 04:37:44,28.66,-17.92,77.0,83,0,20.8
293,Shimoda,JP,2020-07-20 04:37:13,34.67,138.95,82.99,78,75,9.17
294,Sitka,US,2020-07-20 04:33:46,57.05,-135.33,57.2,93,90,4.7
295,Camana,PE,2020-07-20 04:39:03,-16.62,-72.71,58.68,79,96,8.19
296,Paita,PE,2020-07-20 04:36:21,-5.09,-81.11,61.38,86,1,9.24
297,Saint-Pierre,RE,2020-07-20 04:37:46,-21.34,55.48,66.2,88,75,13.87
298,Redlands,US,2020-07-20 04:41:21,34.06,-117.18,80.6,28,5,8.05
299,Kaeo,NZ,2020-07-20 04:41:21,-35.1,173.78,61.0,3,70,4.61
300,Boyolangu,ID,2020-07-20 04:41:21,-8.12,111.89,82.45,71,50,10.49
301,Presidencia Roque Saenz Pena,AR,2020-07-20 04:41:21,-26.79,-60.44,75.81,49,43,10.51
302,Palmer,US,2020-07-20 04:41:21,42.16,-72.33,80.6,61,90,5.82
303,Vanimo,PG,2020-07-20 04:37:49,-2.67,141.3,86.27,63,24,8.63
304,Laela,TZ,2020-07-20 04:41:22,-8.57,32.05,51.44,86,8,4.52
305,Micheweni,TZ,2020-07-20 04:41:22,-4.97,39.83,77.14,69,24,15.08
306,Katsuura,JP,2020-07-20 04:37:05,35.13,140.3,88.0,78,75,5.82
307,Xinzhou,CN,2020-07-20 04:41:22,38.41,112.73,88.52,29,0,1.79
308,Petauke,ZM,2020-07-20 04:41:22,-14.24,31.33,56.39,78,12,12.64
309,Shirokiy,RU,2020-07-20 04:41:22,49.76,129.52,61.45,97,100,16.96
310,Rongcheng,CN,2020-07-20 04:41:22,30.63,117.85,79.23,74,75,3.06
311,Severo-Kurilsk,RU,2020-07-20 04:36:07,50.68,156.12,52.65,79,61,13.89
312,Gambela,ET,2020-07-20 04:41:23,8.25,34.58,69.78,85,94,1.34
313,Tocopilla,CL,2020-07-20 04:41:23,-22.09,-70.2,57.87,68,94,4.81
314,Quatre Cocos,MU,2020-07-20 04:37:30,-20.21,57.76,71.01,60,75,18.34
315,Eyl,SO,2020-07-20 04:37:30,7.98,49.82,81.91,55,98,28.9
316,Urumqi,CN,2020-07-20 04:41:23,43.8,87.6,89.6,24,90,6.71
317,Buchanan,LR,2020-07-20 04:38:08,5.88,-10.05,74.89,90,70,7.36
318,Malibu,US,2020-07-20 04:41:23,34.01,-118.81,63.0,95,0,7.7
319,Poshekhonye,RU,2020-07-20 04:41:24,58.5,39.14,65.01,81,77,4.09
320,Yaan,NG,2020-07-20 04:36:52,7.38,8.57,69.87,100,98,4.38
321,Shenkursk,RU,2020-07-20 04:41:24,62.11,42.9,66.81,62,0,4.43
322,Lodwar,KE,2020-07-20 04:41:24,3.12,35.6,75.97,56,67,15.26
323,Vero Beach,US,2020-07-20 04:41:24,27.64,-80.4,84.0,78,20,6.93
324,Parakou,BJ,2020-07-20 04:38:14,9.34,2.63,69.49,99,90,3.83
325,Arkhangelsk,RU,2020-07-20 04:41:25,64.54,40.54,68.0,68,0,2.24
326,Praia Da Vitoria,PT,2020-07-20 04:41:25,38.73,-27.07,69.8,73,75,5.91
327,Mahon,ES,2020-07-20 04:41:25,39.89,4.27,71.6,88,20,3.36
328,Kendari,ID,2020-07-20 04:38:02,-3.94,122.5,84.09,66,22,7.25
329,Tessalit,ML,2020-07-20 04:41:25,20.2,1.01,84.6,37,71,7.14
330,Yulara,AU,2020-07-20 04:38:07,-25.24,130.99,55.4,71,75,14.99
331,Gat,IL,2020-07-20 04:37:11,31.61,34.76,77.0,66,0,0.89
332,Okahandja,NA,2020-07-20 04:41:25,-21.98,16.92,46.4,39,0,5.82
333,Junction City,US,2020-07-20 04:37:25,39.03,-96.83,78.8,69,20,6.93
334,Uglezavodsk,RU,2020-07-20 04:41:26,47.32,142.62,77.0,69,75,6.71
335,Idrinskoye,RU,2020-07-20 04:41:26,54.37,92.14,70.14,60,0,3.44
336,Mayo,US,2020-07-20 04:37:33,38.89,-76.51,86.0,74,1,4.7
337,Camacha,PT,2020-07-20 04:41:26,33.08,-16.33,69.8,77,40,17.22
338,Port Hardy,CA,2020-07-20 04:38:20,50.7,-127.42,62.6,72,20,5.82
339,Wanxian,CN,2020-07-20 04:41:26,30.8,108.39,84.02,68,100,1.88
340,Namibe,AO,2020-07-20 04:37:09,-15.2,12.15,67.82,55,38,6.49
341,Vila Franca Do Campo,PT,2020-07-20 04:36:52,37.72,-25.43,68.0,68,40,8.05
342,Rivers,CA,2020-07-20 04:38:17,50.03,-100.24,60.8,87,75,3.36
343,Sokoni,TZ,2020-07-20 04:41:27,-6.43,39.55,73.4,83,40,8.05
344,Stettler,CA,2020-07-20 04:41:27,52.32,-112.72,60.01,85,95,8.99
345,Zemio,CF,2020-07-20 04:41:28,5.03,25.14,68.25,96,100,1.57
346,Sura,RU,2020-07-20 04:41:28,53.89,45.74,64.89,77,0,6.4
347,Nalut,LY,2020-07-20 04:38:16,30.33,10.85,71.26,63,0,13.09
348,Kayes,ML,2020-07-20 04:41:28,14.0,-11.0,75.43,91,100,9.93
349,Praia,CV,2020-07-20 04:33:45,14.92,-23.51,78.8,78,75,8.05
350,Yerbogachen,RU,2020-07-20 04:39:01,61.28,108.01,64.49,49,95,3.53
351,Karratha,AU,2020-07-20 04:41:28,-20.74,116.85,75.4,42,1,16.53
352,Guilin,CN,2020-07-20 04:41:29,25.28,110.29,80.6,83,75,4.47
353,Erzurum,TR,2020-07-20 04:41:29,40.0,41.5,62.6,51,0,2.24
354,Areosa,PT,2020-07-20 04:41:29,41.72,-8.86,63.0,100,75,2.24
355,Lata,PT,2020-07-20 04:38:24,40.16,-8.33,62.01,89,0,1.54
356,Erenhot,CN,2020-07-20 04:41:29,43.65,111.98,79.23,27,46,9.8
357,Mahanje,TZ,2020-07-20 04:41:29,-9.93,35.33,56.35,72,23,0.78
358,Krasnyy Yar,RU,2020-07-20 04:41:30,46.53,48.35,86.0,45,87,11.18
359,Kaitangata,NZ,2020-07-20 04:36:19,-46.28,169.85,46.99,70,98,1.99
360,Jaisalmer,IN,2020-07-20 04:41:30,26.91,70.92,92.32,52,9,24.52
361,Iwanai,JP,2020-07-20 04:41:30,42.97,140.51,78.87,64,100,3.38
362,Yanaul,RU,2020-07-20 04:41:30,56.27,54.93,65.46,93,100,8.05
363,Lapeer,US,2020-07-20 04:41:30,43.05,-83.32,71.6,94,1,3.36
364,Trofors,NO,2020-07-20 04:41:30,65.53,13.41,51.8,87,40,1.12
365,Peru,US,2020-07-20 04:39:02,40.75,-86.07,73.0,100,75,10.29
366,Carballo,ES,2020-07-20 04:41:31,43.21,-8.69,69.01,82,90,5.82
367,Kondratovo,RU,2020-07-20 04:41:31,57.98,56.11,71.6,88,40,8.95
368,Iquique,CL,2020-07-20 04:39:59,-20.22,-70.14,59.0,67,90,3.36
369,Pochutla,MX,2020-07-20 04:37:40,15.74,-96.47,80.01,85,23,3.76
370,Marfino,RU,2020-07-20 04:41:31,55.7,37.38,64.99,87,69,2.24
371,Lumeje,AO,2020-07-20 04:41:31,-11.55,20.78,47.12,80,0,6.24
372,Zhigansk,RU,2020-07-20 04:37:55,66.77,123.37,60.76,82,100,6.26
373,Fort Nelson,CA,2020-07-20 04:39:23,58.81,-122.7,68.0,72,20,2.24
374,Lobatse,BW,2020-07-20 04:41:32,-25.22,25.67,35.6,31,0,4.7
375,Concordia,AR,2020-07-20 04:41:32,-31.39,-58.02,69.01,74,11,8.01
376,Tuatapere,NZ,2020-07-20 04:37:30,-46.13,167.68,39.0,83,100,3.0
377,Tutoia,BR,2020-07-20 04:38:31,-2.76,-42.27,75.18,90,34,8.08
378,Nuuk,GL,2020-07-20 04:33:33,64.18,-51.72,53.6,62,99,13.87
379,Clayton,US,2020-07-20 04:41:08,33.53,-84.37,84.99,54,40,3.36
380,Te Anau,NZ,2020-07-20 04:38:08,-45.42,167.72,46.13,92,100,3.49
381,Sibolga,ID,2020-07-20 04:41:33,1.74,98.78,86.5,64,4,6.44
382,Mattawa,US,2020-07-20 04:41:33,46.74,-119.9,86.0,19,1,6.93
383,Kamenka,RU,2020-07-20 04:41:33,51.32,42.77,69.01,74,4,5.01
384,Naron,ES,2020-07-20 04:41:33,43.52,-8.15,64.4,82,90,5.82
385,Xihe,CN,2020-07-20 04:41:33,31.69,113.47,86.18,59,54,2.1
386,Kruisfontein,ZA,2020-07-20 04:36:08,-34.0,24.73,51.46,41,0,6.85
387,Anito,PH,2020-07-20 04:41:34,12.45,125.29,86.34,71,53,6.42
388,Mountain Home,US,2020-07-20 04:41:34,43.13,-115.69,77.0,28,1,9.17
389,Huarmey,PE,2020-07-20 04:41:34,-10.07,-78.15,59.58,86,16,5.73
390,Bilma,NE,2020-07-20 04:41:34,18.69,12.92,86.32,21,13,6.06
391,Koumac,NC,2020-07-20 04:41:34,-20.57,164.28,71.76,60,25,13.2
392,Poputnaya,RU,2020-07-20 04:41:35,44.51,41.44,75.0,5,0,5.99
393,Camacupa,AO,2020-07-20 04:41:35,-12.02,17.48,41.56,72,0,4.72
394,Vilhena,BR,2020-07-20 04:41:35,-12.74,-60.15,70.14,56,12,4.34
395,Port Lincoln,AU,2020-07-20 04:36:04,-34.73,135.87,55.67,60,69,9.8
396,Man,CI,2020-07-20 04:41:35,7.41,-7.55,69.57,93,84,2.42
397,Qujing,CN,2020-07-20 04:41:35,25.48,103.78,65.12,85,100,4.23
398,Kingman,US,2020-07-20 04:40:33,35.19,-114.05,93.99,16,1,10.29
399,Muzhi,RU,2020-07-20 04:37:21,65.37,64.67,62.4,55,6,7.23
400,Serafimovich,RU,2020-07-20 04:41:36,49.58,42.74,71.01,57,0,1.99
401,Svetlaya,RU,2020-07-20 04:41:36,46.54,138.33,66.51,75,96,8.81
402,Lavrentiya,RU,2020-07-20 04:37:14,65.58,-171.0,46.11,81,100,10.49
403,Verkhoyansk,RU,2020-07-20 04:41:37,67.54,133.38,74.43,59,89,5.91
404,Luanda,AO,2020-07-20 04:40:56,-8.84,13.23,68.0,88,75,2.24
405,Ribnica,SI,2020-07-20 04:41:37,45.74,14.73,60.01,87,0,0.98
406,Betioky,MG,2020-07-20 04:41:37,-23.72,44.38,59.74,63,0,8.95
407,Nebolchi,RU,2020-07-20 04:41:37,59.12,33.35,65.5,63,100,2.64
408,College,US,2020-07-20 04:34:57,64.86,-147.8,71.6,53,75,6.93
409,Ellensburg,US,2020-07-20 04:41:38,47.0,-120.55,80.6,34,1,19.46
410,Cayenne,GF,2020-07-20 04:37:00,4.93,-52.33,75.2,100,93,5.66
411,Mount Isa,AU,2020-07-20 04:38:25,-20.73,139.5,78.8,13,84,13.87
412,Galle,LK,2020-07-20 04:37:31,6.04,80.22,84.13,73,99,10.76
413,Nemuro,JP,2020-07-20 04:41:38,43.32,145.57,80.6,54,20,6.93
414,Winslow,US,2020-07-20 04:41:38,35.02,-110.7,82.4,17,1,10.29
415,Chumikan,RU,2020-07-20 04:41:39,54.72,135.31,54.09,93,100,16.93
416,Winchester,GB,2020-07-20 04:41:39,51.07,-1.32,52.0,76,0,8.05
417,Rafsanjan,IR,2020-07-20 04:41:39,30.41,55.99,83.77,14,0,5.03
418,Manzil Salim,TN,2020-07-20 04:41:39,35.86,8.48,64.4,77,20,4.7
419,Quthing,LS,2020-07-20 04:41:39,-30.4,27.7,37.94,67,0,1.88
420,Biloela,AU,2020-07-20 04:41:40,-24.42,150.5,73.65,28,43,10.31
421,Rosetta,EG,2020-07-20 04:41:40,31.4,30.42,77.0,73,0,8.05
422,Teluknaga,ID,2020-07-20 04:41:40,-6.1,106.64,96.01,62,40,6.93
423,Bajil,YE,2020-07-20 04:41:40,15.06,43.29,88.7,52,40,4.92
424,Leh,IN,2020-07-20 04:41:41,34.17,77.58,51.19,59,99,5.19
425,Iqaluit,CA,2020-07-20 04:37:34,63.75,-68.51,41.0,100,90,5.82
426,Ayan,RU,2020-07-20 04:36:19,56.45,138.17,54.3,97,100,5.79
427,Hualmay,PE,2020-07-20 04:37:42,-11.1,-77.61,59.07,85,71,6.15
428,Awjilah,LY,2020-07-20 04:39:26,29.11,21.29,73.99,60,1,11.21
429,Solenzo,BF,2020-07-20 04:41:41,12.18,-4.08,75.4,84,46,7.07
430,Kutum,SD,2020-07-20 04:41:42,14.2,24.67,72.75,70,89,16.44
431,Saint-Augustin,CA,2020-07-20 04:37:03,51.23,-58.65,62.78,73,41,9.28
432,Manzhouli,CN,2020-07-20 04:39:05,49.6,117.43,63.46,52,1,19.64
433,Zeya,RU,2020-07-20 04:41:42,53.75,127.27,66.83,90,100,6.53
434,Port Elizabeth,ZA,2020-07-20 04:37:27,-33.92,25.57,42.8,87,0,3.36
435,Nuevo Casas Grandes,MX,2020-07-20 04:41:42,30.42,-107.92,69.01,82,92,1.01
436,Lompoc,US,2020-07-20 04:36:10,34.64,-120.46,59.0,87,2,5.82
437,Bocas Del Toro,PA,2020-07-20 04:41:43,9.33,-82.25,70.0,69,100,8.01
438,Touros,BR,2020-07-20 04:38:24,-5.2,-35.46,73.4,100,75,4.7
439,Baykit,RU,2020-07-20 04:41:43,61.67,96.37,67.46,38,28,4.88
440,Puerto Baquerizo Moreno,EC,2020-07-20 04:38:26,-0.9,-89.6,68.88,88,19,13.53
441,Morogoro,TZ,2020-07-20 04:41:43,-6.82,37.67,62.6,93,20,2.8
442,Baruun-Urt,MN,2020-07-20 04:39:32,46.68,113.28,65.08,36,31,15.86
443,Kieta,PG,2020-07-20 04:37:25,-6.22,155.63,83.73,74,10,8.23
444,Kiunga,PG,2020-07-20 04:41:44,-6.12,141.29,86.76,66,43,4.36
445,Lerwick,GB,2020-07-20 04:41:44,60.15,-1.15,51.8,81,39,5.82
446,Nastola,FI,2020-07-20 04:41:44,60.95,25.93,70.0,82,20,3.36
447,Borova,UA,2020-07-20 04:41:44,50.18,30.1,68.0,82,0,2.95
448,Sayaxche,GT,2020-07-20 04:41:44,16.52,-90.17,74.34,92,49,3.69
449,Taoudenni,ML,2020-07-20 04:38:13,22.68,-3.98,93.87,24,0,7.58
450,Obanazawa,JP,2020-07-20 04:41:45,38.6,140.4,86.0,62,75,6.93
451,Cabedelo,BR,2020-07-20 04:41:45,-6.98,-34.83,75.83,85,19,14.5
452,Wiang Sa,TH,2020-07-20 04:41:45,8.64,99.37,93.99,75,100,1.92
453,Beitbridge,ZW,2020-07-20 04:41:45,-22.22,30.0,51.58,72,0,8.55
454,Nome,US,2020-07-20 04:35:12,64.5,-165.41,55.0,76,75,6.93
455,Belmonte,BR,2020-07-20 04:41:46,-15.86,-38.88,69.8,94,75,1.12
456,Hirara,JP,2020-07-20 04:41:46,24.8,125.28,89.6,62,40,10.29
457,Acapulco,MX,2020-07-20 04:41:46,16.86,-99.89,80.91,80,10,2.08
458,Santa Rosa,PH,2020-07-20 04:41:46,14.31,121.11,93.99,60,98,8.01
459,Krutikha,RU,2020-07-20 04:41:46,53.96,81.21,82.36,48,36,4.05
460,Linxia,CN,2020-07-20 04:41:47,35.6,103.21,74.64,41,98,4.34
461,Asau,RO,2020-07-20 04:41:47,46.43,26.4,63.0,100,100,6.93
462,Portree,GB,2020-07-20 04:41:47,57.41,-6.19,48.0,92,98,8.75
463,Grootfontein,NA,2020-07-20 04:41:47,-19.57,18.12,38.03,76,0,4.79
464,General Bravo,MX,2020-07-20 04:41:48,25.8,-99.17,82.42,64,83,17.9
465,Kalabo,ZM,2020-07-20 04:41:48,-14.97,22.68,46.09,89,0,6.02
466,Calbuco,CL,2020-07-20 04:41:48,-41.77,-73.13,44.6,93,40,3.36
467,Krasnaya Gora,RU,2020-07-20 04:41:48,53.0,31.6,59.0,82,0,4.47
468,Calama,CL,2020-07-20 04:38:22,-22.47,-68.93,41.0,7,64,19.46
469,Jiaojiang,CN,2020-07-20 04:41:49,28.68,121.44,98.01,63,99,1.99
470,Stonewall,CA,2020-07-20 04:41:49,50.13,-97.33,60.01,87,75,4.7
471,Lewisporte,CA,2020-07-20 04:41:49,49.25,-55.05,64.4,77,20,9.17
472,Sakakah,SA,2020-07-20 04:41:49,29.97,40.21,91.4,11,0,4.7
473,Boa Viagem,BR,2020-07-20 04:41:10,-5.13,-39.73,68.4,84,30,5.73
474,Turukhansk,RU,2020-07-20 04:38:20,65.82,87.98,66.74,50,100,9.66
475,Tukrah,LY,2020-07-20 04:41:50,32.53,20.58,75.79,73,0,12.62
476,Prince George,CA,2020-07-20 04:39:22,53.92,-122.75,64.0,67,1,4.7
477,Puerto Narino,CO,2020-07-20 04:41:50,-3.77,-70.38,71.53,97,70,0.34
478,Tablac,PH,2020-07-20 04:41:50,17.22,120.48,88.74,58,0,6.31
479,Mama,RU,2020-07-20 04:37:19,58.31,112.9,53.89,83,100,4.72
480,Sipe Sipe,BO,2020-07-20 04:41:51,-17.45,-66.38,50.0,43,6,2.44
481,Cervo,ES,2020-07-20 04:41:51,43.67,-7.41,62.01,86,76,3.0
482,Belize,BZ,2020-07-20 04:41:52,17.25,-88.75,79.0,78,0,1.01
483,Zhanaozen,KZ,2020-07-20 04:41:52,43.3,52.8,94.91,15,0,14.94
484,Xuddur,SO,2020-07-20 04:41:52,4.12,43.89,72.95,70,87,21.52
485,Zhaotong,CN,2020-07-20 04:39:04,27.32,103.72,69.85,62,100,3.89
486,Corciano,IT,2020-07-20 04:41:53,43.13,12.29,62.01,87,0,5.82
487,Arman,RU,2020-07-20 04:41:53,59.7,150.17,58.93,64,44,4.56
488,Erzin,TR,2020-07-20 04:41:53,36.96,36.2,81.0,82,0,3.83
489,Sao Felix Do Xingu,BR,2020-07-20 04:38:17,-6.64,-51.99,68.63,66,5,1.63
490,Ferrol,ES,2020-07-20 04:39:11,43.48,-8.24,64.4,82,90,5.82
491,Nexo,DK,2020-07-20 04:41:53,55.06,15.13,68.0,94,97,6.93
492,Podbrdo,BA,2020-07-20 04:41:53,44.44,17.01,59.0,87,25,2.24
493,Jiuquan,CN,2020-07-20 04:41:54,39.74,98.52,88.3,12,89,4.63
494,Grand Baie,MU,2020-07-20 04:41:54,-20.02,57.58,71.01,57,64,5.99
495,Basoko,CD,2020-07-20 04:41:54,1.24,23.62,71.08,85,92,1.14
496,Lazaro Cardenas,MX,2020-07-20 04:38:57,17.96,-102.2,79.3,85,21,1.9
497,Puro,PH,2020-07-20 04:41:55,12.48,123.38,88.16,61,26,4.27
498,Wattegama,LK,2020-07-20 04:41:55,6.8,81.48,94.06,44,95,2.98
499,Vigia,BR,2020-07-20 04:41:55,-0.86,-48.14,75.2,100,75,4.7
500,La Rioja,ES,2020-07-20 04:41:55,42.25,-2.5,66.2,72,0,5.82
501,Lasa,IT,2020-07-20 04:38:29,46.62,10.7,57.99,87,5,5.82
502,Blackwater,AU,2020-07-20 04:41:55,-23.58,148.88,74.53,33,62,3.4
503,Tiarei,PF,2020-07-20 04:41:55,-17.53,-149.33,78.8,74,40,3.36
504,Blagoveshchenka,RU,2020-07-20 04:41:56,52.83,79.87,79.23,46,62,6.33
505,Kloulklubed,PW,2020-07-20 04:41:56,7.04,134.26,87.8,66,75,4.7
506,Merauke,ID,2020-07-20 04:37:59,-8.47,140.33,80.29,77,92,16.42
507,Myrtle Grove,US,2020-07-20 04:41:56,30.42,-87.31,84.0,78,1,8.05
508,Balabac,PH,2020-07-20 04:41:56,7.99,117.06,86.74,66,28,8.37
509,Waddan,LY,2020-07-20 04:41:56,29.16,16.14,73.18,69,0,6.02
510,Dawei,MM,2020-07-20 04:41:57,14.08,98.2,87.39,64,100,5.75
511,Syracuse,IT,2020-07-20 04:41:57,37.09,15.28,69.8,88,0,5.82
512,Kendal,GB,2020-07-20 04:41:57,54.33,-2.75,50.0,100,0,5.99
513,Hay River,CA,2020-07-20 04:41:58,60.82,-115.8,59.0,100,75,9.17
514,Todos Santos,MX,2020-07-20 04:41:58,23.45,-110.22,75.99,85,56,4.18
515,San Jose,US,2020-07-20 04:41:23,37.34,-121.89,66.2,72,75,10.29
516,Nantucket,US,2020-07-20 04:39:34,41.28,-70.1,69.8,100,75,12.75
517,San Cristobal,VE,2020-07-20 04:41:58,7.77,-72.22,65.25,90,74,3.38
518,Nakusp,CA,2020-07-20 04:41:59,50.25,-117.8,55.99,89,20,1.01
519,Vammala,FI,2020-07-20 04:41:59,61.33,22.9,63.0,93,100,2.24
520,Gobabis,NA,2020-07-20 04:41:59,-22.45,18.97,39.2,55,0,1.12
521,Nishihara,JP,2020-07-20 04:37:25,26.18,127.76,89.6,66,40,9.17
522,Odda,NO,2020-07-20 04:41:59,60.07,6.55,52.0,91,99,1.01
523,Yinchuan,CN,2020-07-20 04:41:59,38.47,106.27,89.51,16,100,13.91
524,Sharon,US,2020-07-20 04:42:00,41.23,-80.49,73.99,94,40,3.36
525,Ponta Do Sol,PT,2020-07-20 04:36:05,32.67,-17.1,69.8,73,75,9.17
526,Kavaratti,IN,2020-07-20 04:37:33,10.57,72.64,78.8,94,90,13.87
527,Manggar,ID,2020-07-20 04:38:18,-2.88,108.27,82.69,80,100,12.95
528,Coquimbo,CL,2020-07-20 04:37:17,-29.95,-71.34,50.0,93,76,3.36
529,Constantine,DZ,2020-07-20 04:42:00,36.37,6.61,62.6,82,0,1.7
530,Harper,LR,2020-07-20 04:37:01,4.38,-7.72,74.93,90,62,7.56
531,Lima,PE,2020-07-20 04:41:34,-12.04,-77.03,60.8,82,90,8.05
532,Saint-Joseph,RE,2020-07-20 04:42:01,-21.37,55.62,66.2,88,75,13.87
533,Tatarsk,RU,2020-07-20 04:42:01,55.22,75.98,77.56,76,7,10.13
534,Dunmore Town,BS,2020-07-20 04:42:01,25.5,-76.65,83.37,79,3,16.53
535,Dolores,AR,2020-07-20 04:42:01,-36.31,-57.68,55.49,97,100,4.83
536,Namatanai,PG,2020-07-20 04:37:18,-3.67,152.43,84.76,68,9,10.47
537,Port Blair,IN,2020-07-20 04:42:02,11.67,92.75,86.0,70,40,6.93
538,Dauphin,CA,2020-07-20 04:42:02,51.15,-100.05,60.8,87,90,4.7
539,Sola,VU,2020-07-20 04:37:16,-13.88,167.55,80.6,65,90,6.93
540,Lichinga,MZ,2020-07-20 04:42:02,-13.31,35.24,53.6,87,75,8.05
541,Ucluelet,CA,2020-07-20 04:37:16,48.93,-125.55,68.0,72,0,4.18
542,Loreto,MX,2020-07-20 04:42:02,22.27,-101.97,60.85,80,100,6.98
543,Khorixas,NA,2020-07-20 04:42:03,-20.37,14.97,52.97,41,0,12.97
544,Diu,IN,2020-07-20 04:42:03,20.71,70.98,86.2,72,44,14.23
545,Huilong,CN,2020-07-20 04:42:03,31.81,121.66,78.01,94,100,5.41
546,Milledgeville,US,2020-07-20 04:39:30,33.08,-83.23,79.0,78,1,3.91
547,Rio Do Sul,BR,2020-07-20 04:42:03,-27.21,-49.64,62.01,99,4,0.92
548,Peresichna,UA,2020-07-20 04:42:03,50.02,35.98,71.01,68,0,4.47
549,Tafresh,IR,2020-07-20 04:37:36,34.69,50.01,80.6,24,75,18.34
550,Bloemfontein,ZA,2020-07-20 04:38:27,-29.12,26.21,23.0,67,0,2.24
551,Bud,US,2020-07-20 04:36:29,39.45,-86.18,72.0,96,55,6.85
552,Chkalovskoye,RU,2020-07-20 04:38:10,44.84,133.04,66.34,82,100,8.86
553,Collie,AU,2020-07-20 04:42:04,-33.37,116.15,63.0,45,0,6.35
554,Sakaiminato,JP,2020-07-20 04:42:04,35.55,133.23,93.2,56,75,6.93
555,Banda Aceh,ID,2020-07-20 04:42:04,5.56,95.32,83.88,74,87,2.73
556,Fare,PF,2020-07-20 04:37:16,-16.7,-151.02,77.7,82,42,23.82
